API,Expert-Fabio,
misc,interpreter,
vladsch,Parser,UI
libsvm,ML,
esult,Trash,
airhacks,Microservices,
jsinterop,Logic,
datastax,DB,
r,trash,
awt,UI,
security,security,
bson,IO,
objenesis,Logic,
roaringbitmap,GC,
math,Util,
kudu,Bigdata,
ietf,Security,
presto,App,
controlsfx,UI,
joda,Util,
xmlunit,IO,
hudi,Bigdata,
zookeeper,Bigdata,
testfx,Test,
parquet,Bigdata,
google,?,Trash
esotericsoftware,App,
javafx,UI,
jabref,App,
w3c,Network,
reactfx,UI,
oOpen 2,Trash,
xml,IO,
fxmisc,UI,
jdbi,DB,
mockitousage,Test,
avro,IO,
postgresql,DB,
nt here,Trash,
hive,Bigdata,
clearspring,Bigdata,
h2,DB,
nt to not call {@link #dispatch} while holding any locks,trash,
locationtech,GIS,
amazonaws,Cloud,
pcollections,Data Sctructure,
lang,i18n,
at,Security,
http,Network,
curator,Bigdata,
junit,Test,
microsoft,Trash,
au,Trash,
JSci,Util,
assertj,Test,
spark,Bigdata,
"on line "" + this",Trash,
elemental2,Util,
fusesource,Network,
it,Dat Sctructure,
text,Util,
thrift,Network,
did not succeed,Trash,
redis,DB,
slf4j,Logging,
r is capable of importing NEP messages into JabRef,Trash,
nt sense,Trash,
checkerframework,Logic,
testcontainers,Test,
logging,Logging,
cassandra,DB,
antlr,Interpreter,
objectweb,Interpreter,
jsoup,Parser,
fastparse,Parser,
easymock,Logic,
oracle,DB,
github,DevOps,
tools,Util,
tartarus,NLP,
log4j,Logging,
time,Util,
openjdk,Interpreter,
info,NLP,
jline,IO,
accumulo,Big Data,
source,Trash,
druid,Big Data,
hamcrest,Test,
lucene,Search,
r has thrown an IOException,Trash,
pinot,Big Data,
this file,Trash,
kong,Network,
intellij,App,
drift,Util,
nio,IO,
tika,NLP,
util,Util,
net,Network,
mongodb,DB,
kafka,Network,
sonatype,DevOps,
star,Logic,
pdfbox,IO,
osgi,Logic,
spotify,DevOps,
javax,Interpreter,
mockito,Test,
jfoenix,Ui,
jgrapht,Data Structure,
io,IO,
alluxio,Big Data,
fasterxml,Parser,
impl,Logic,
weakref,Logic,
scala,Interpreter,
mysql,DB,
sql,DB,
"ormatsList + outFormatsList + ""\nPlease report issues at https:",Trash,
kordamp,Interpreter,
de,UI,
skife,DB,
tngtech,Test,
okhttp3,Network,
iceberg,Big Data,
teradata,DB,
r exists only to enable `--importToOpen someEntry,Trash,
eclipse,DevOps,
testng,Test,
commons,Interpreter,
mockitoutil,Test,
orc,Big Data,
export,Trash,
hadoop,Big Data,
management,OS,
airlift,DevOps,
nt element to a high‐quality teacher‐student relationship,Trash,
jbibtex,IO,
xmpbox,IO,
tobiasdiez,UI,
elasticsearch,Search,
reactivestreams,IO,
esri,GIS,
opentest4j,Test,
